filter,mjd,flux,zp,magsys,fluxerr,ra_unc,dec_unc,ra,dec
ztfg,58137.025611226854,30988.46042012061,25.0,ab,371.0385501207088,0.25,0.22,342.4596227,51.2633822
ztfg,58138.025611226854,29241.52377843337,25.0,ab,350.12170462736145,0.25,0.22,342.4596037,51.2633916
ztfg,58139.025611226854,25142.010301590228,25.0,ab,301.0364155866526,0.25,0.22,342.4596065,51.2633967
